1,train_images/aligned/juli/img-5.png
1,train_images/aligned/juli/img-4.png
1,train_images/aligned/juli/img-2.png
1,train_images/aligned/juli/img-3.png
1,train_images/aligned/juli/img-1.png
2,train_images/aligned/gregor/img-5.png
2,train_images/aligned/gregor/img-4.png
2,train_images/aligned/gregor/img-1.png
2,train_images/aligned/gregor/img-2.png
2,train_images/aligned/gregor/img-3.png
3,train_images/aligned/chris/img-3.png
3,train_images/aligned/chris/img-4.png
3,train_images/aligned/chris/img-1.png
3,train_images/aligned/chris/img-2.png
3,train_images/aligned/chris/img-5.png
4,train_images/aligned/andi/img-4.png
4,train_images/aligned/andi/img-3.png
4,train_images/aligned/andi/img-1.png
4,train_images/aligned/andi/img-2.png
4,train_images/aligned/andi/img-5.png
